case_id,module,priority,scene,judge_status,reject_reason,pending_reason,violates_confirmed_fact,contains_pending_logic,missing_core_flow,missing_reuse_risk,hit_confirmed_fact,confirmed_fact_violations,hit_pending,hit_reuse_risk
TC-001,核心闭环,P1,state,PASS,,,False,False,False,False,[],[],[],[]
TC-003,全局控制与权限,P1,state,PASS,,,False,False,False,False,[],[],[],[]
TC-008,全局控制与权限,P1,state,PASS,,,False,False,False,False,[],[],[],[]
TC-009,全局控制与权限,P1,state,PASS,,,False,False,False,False,[],[],[],[]
TC-010,全局控制与权限,P2,state,PASS,,,False,False,False,False,[],[],[],[]
TC-011,全局控制与权限,P1,state,PASS,,,False,False,False,False,[],[],[],[]
TC-023,学习报告页,P2,happy,PASS,,,False,False,False,False,[],[],[],[]
TC-024,学习报告页,P1,state,PASS,,,False,False,False,False,[],[],[],[]
TC-027,异常与边界,P2,exception,PASS,,,False,False,False,False,[],[],[],[]
