case_id,module,priority,scene,judge_status,reject_reason,hit_confirmed_fact,hit_pending,hit_reuse_risk,raw_judge_row_available,evidence_source
TC-001,核心闭环,P1,state,PASS,,False,False,False,False,replay_only
TC-003,全局控制与权限,P1,state,PASS,,False,False,False,False,replay_only
TC-008,全局控制与权限,P1,state,PASS,,False,False,False,False,replay_only
TC-009,全局控制与权限,P1,state,PASS,,False,False,False,False,replay_only
TC-010,全局控制与权限,P2,state,PASS,,False,False,False,False,replay_only
TC-011,全局控制与权限,P1,state,PASS,,False,False,False,False,replay_only
TC-023,学习报告页,P2,happy,PASS,,False,False,False,False,replay_only
TC-024,学习报告页,P1,state,PASS,,False,False,False,False,replay_only
TC-027,异常与边界,P2,exception,PASS,,False,False,False,False,replay_only
